aflow_prototype_params_list_relax,aflow_prototype_params_values_relax,auid,aurl,composition,compound,density,energy_atom,enthalpy_atom,natoms,spin_atom
"a,x4","10.7535,0.412346",aflow:02b83be6fa45621f,aflowlib.duke.edu:AFLOWDATA/ICSD_WEB/FCC/Eu2O7Sn2_ICSD_165931,"4,14,4",Eu4O14Sn4,6.97914,-7.60395,-7.60395,22,1.09092
"a,x4","10.615,0.408404",aflow:03cafe802be14a86,aflowlib.duke.edu:AFLOWDATA/ICSD_WEB/FCC/O7Sn2Tb2_ICSD_159789,"14,4,4",O14Sn4Tb4,7.41062,-7.11238,-7.11238,22,0
"a,x4","10.8226,0.363095",aflow:062a523c2f69593e,aflowlib.duke.edu:AFLOWDATA/ICSD_WEB/FCC/La2O7Zr2_ICSD_184090,"4,14,4",La4O14Zr4,5.99694,-8.53523,-8.53523,22,0
"a,x4","10.4531,0.817257",aflow:0772a1c8b599cae6,aflowlib.duke.edu:AFLOWDATA/ICSD_WEB/FCC/Hg2O7Os2_ICSD_159800,"4,14,4",Hg4O14Os4,10.3929,-5.47961,-5.47961,22,0.53022
"a,x3,x4","12.6758,0.784033,0.73059",aflow:078ec14056edbac6,aflowlib.duke.edu:AFLOWDATA/ICSD_WEB/FCC/C4K2N4Zn1_ICSD_23993,"8,4,8,2",C8K4N8Zn2,1.61528,-6.79284,-6.79284,22,0
"a,x4","10.5101,0.432883",aflow:09ff0d09d272bd58,aflowlib.duke.edu:AFLOWDATA/ICSD_WEB/FCC/Cd2Nb2O7_ICSD_75602,"4,4,14",Cd4Nb4O14,5.98009,-6.96766,-6.96766,22,0
"a,x4","10.7593,0.412651",aflow:0b10e0843fba0a6d,aflowlib.duke.edu:AFLOWDATA/ICSD_WEB/FCC/Eu2O7Sn2_ICSD_84754,"4,14,4",Eu4O14Sn4,6.96777,-7.60371,-7.60371,22,1.09084
"a,x4","9.9871,0.831675",aflow:0d1208a0e9f34861,aflowlib.duke.edu:AFLOWDATA/ICSD_WEB/FCC/Er2Mn2O7_ICSD_202517,"4,4,14",Er4Mn4O14,7.41997,-7.79849,-7.79849,22,0.545491
"a,x4","10.5206,0.421238",aflow:0e516a9b5a44c7c6,aflowlib.duke.edu:AFLOWDATA/ICSD_WEB/FCC/O7Pr2Ru2_ICSD_78123,"14,4,4",O14Pr4Ru4,6.79873,-7.3744,-7.3744,22,0.727256
"a,x4","10.9692,0.833368",aflow:0e780d73b1b4da8f,aflowlib.duke.edu:AFLOWDATA/ICSD_WEB/FCC/La2O7Sn2_ICSD_82956,"4,14,4",La4O14Sn4,6.31256,-7.06214,-7.06214,22,0
"a,x4","10.7416,0.437266",aflow:10a6f530f72927cb,aflowlib.duke.edu:AFLOWDATA/ICSD_WEB/FCC/O7Sn2Ta2_ICSD_27119,"14,4,4",O14Sn4Ta4,7.62363,-7.95561,-7.95561,22,0
"a,x4","10.8233,0.886918",aflow:114c41b16be2e44f,aflowlib.duke.edu:AFLOWDATA/ICSD_WEB/FCC/La2O7Zr2_ICSD_184091,"4,14,4",La4O14Zr4,5.99581,-8.53523,-8.53523,22,0
"a,x4","10.8637,0.421529",aflow:11c9372b0f238e69,aflowlib.duke.edu:AFLOWDATA/ICSD_WEB/FCC/Hf2La2O7_ICSD_236209,"4,4,14",Hf4La4O14,7.73747,-9.3467,-9.3467,22,0
"a,x4","10.5348,0.817043",aflow:11506721a61caf80,aflowlib.duke.edu:AFLOWDATA/ICSD_WEB/FCC/Ca2Nb2O7_ICSD_72206,"4,4,14",Ca4Nb4O14,4.29451,-8.01923,-8.01923,22,0
"a,x4","10.453,0.817262",aflow:121f0ee16c60c90a,aflowlib.duke.edu:AFLOWDATA/ICSD_WEB/FCC/Hg2O7Os2_ICSD_159804,"4,14,4",Hg4O14Os4,10.3931,-5.47961,-5.47961,22,0.530222
"a,x4","10.563,0.843012",aflow:13ad7152ee2bada8,aflowlib.duke.edu:AFLOWDATA/ICSD_WEB/FCC/Ho2O7Sn2_ICSD_82961,"4,14,4",Ho4O14Sn4,7.65603,-7.10373,-7.10373,22,0
"a,x4","10.5024,0.419969",aflow:13424be793e4ee26,aflowlib.duke.edu:AFLOWDATA/ICSD_WEB/FCC/Bi2O7Ru2_ICSD_73787,"4,14,4",Bi4O14Ru4,8.39541,-6.13347,-6.13347,22,0.363628
"a,x4","10.8447,0.834962",aflow:140d3e2656d49b94,aflowlib.duke.edu:AFLOWDATA/ICSD_WEB/FCC/Bi2O7Sn2_ICSD_50311,"4,14,4",Bi4O14Sn4,7.99231,-5.90772,-5.90772,22,0
"a,x4","10.7365,0.418368",aflow:14d786d35c76cb0f,aflowlib.duke.edu:AFLOWDATA/ICSD_WEB/FCC/Hf2Nd2O7_ICSD_236210,"4,4,14",Hf4Nd4O14,8.13024,-9.69325,-9.69325,22,0.545505
"a,x4","10.4576,0.833735",aflow:148bf06809f995c0,aflowlib.duke.edu:AFLOWDATA/ICSD_WEB/FCC/Ca2F1O6Ta2_ICSD_50048,"4,2,12,4",Ca4F2O12Ta4,6.47054,-8.1495,-8.1495,22,0.0902556
"a,x4","10.0566,0.41755",aflow:15306e405a40d418,aflowlib.duke.edu:AFLOWDATA/ICSD_WEB/FCC/Er2O7V2_ICSD_160866,"4,14,4",Er4O14V4,7.16276,-8.20866,-8.20866,22,0.181812
"a,x4","10.855,0.414142",aflow:151fad1cd73ac6ff,aflowlib.duke.edu:AFLOWDATA/ICSD_WEB/FCC/O7Pr2Sn2_ICSD_84744,"14,4,4",O14Pr4Sn4,6.55556,-7.22882,-7.22882,22,0.363631
"a,x4","10.3427,0.822018",aflow:15ae777e26b8ed99,aflowlib.duke.edu:AFLOWDATA/ICSD_WEB/FCC/Cd2O7Os2_ICSD_155771,"4,14,4",Cd4O14Os4,8.61175,-5.83499,-5.83499,22,0.544937
"a,x4","13.1038,0.401451",aflow:191150f658e2756f,aflowlib.duke.edu:AFLOWDATA/LIB3_WEB/PPb_dSb/ICSD_27120.ABC,"14,4,4",P14Pb4Sb4,5.16436,-4.17371,-4.17371,22,0
"a,x4","12.1707,0.4114",aflow:198820f801249ded,aflowlib.duke.edu:AFLOWDATA/LIB3_WEB/PPtSb/ICSD_108965.ABC,"14,4,4",P14Pt4Sb4,6.26702,-5.07542,-5.07542,22,0
"a,x4","10.2515,0.419145",aflow:1a1f97538dbfcd5d,aflowlib.duke.edu:AFLOWDATA/ICSD_WEB/FCC/O7Tb2Ti2_ICSD_159782,"14,4,4",O14Tb4Ti4,6.48135,-8.27693,-8.27693,22,0
"a,x4","10.8866,0.833166",aflow:1b18bb6ddec219e1,aflowlib.duke.edu:AFLOWDATA/ICSD_WEB/FCC/Ce2O7Zr2_ICSD_168600,"4,14,4",Ce4O14Zr4,5.91672,-9.00724,-9.00724,22,0.18181
"a,x4","10.4531,0.817257",aflow:1b8f86be95bc181e,aflowlib.duke.edu:AFLOWDATA/ICSD_WEB/FCC/Hg2O7Os2_ICSD_159797,"4,14,4",Hg4O14Os4,10.3928,-5.47961,-5.47961,22,0.53022
"a,x4","10.6808,0.839982",aflow:1bd337a4b406d822,aflowlib.duke.edu:AFLOWDATA/ICSD_WEB/FCC/Gd2O7Sn2_ICSD_84753,"4,14,4",Gd4O14Sn4,7.23794,-8.76022,-8.76022,22,1.27273
"a,x4","10.509,0.432754",aflow:1cb434fbbae8abfa,aflowlib.duke.edu:AFLOWDATA/ICSD_WEB/FCC/Cd2Nb2O7_ICSD_9714,"4,4,14",Cd4Nb4O14,5.98209,-6.9677,-6.9677,22,0
"a,x4","10.2423,0.830875",aflow:1df6f77ee78226a6,aflowlib.duke.edu:AFLOWDATA/ICSD_WEB/FCC/O7Ti2Y2_ICSD_15633,"14,4,4",O14Ti4Y4,4.76758,-8.59565,-8.59565,22,0
"a,x4","10.1665,0.831106",aflow:20c791ce08b3aaab,aflowlib.duke.edu:AFLOWDATA/ICSD_WEB/FCC/Co2O7Sb2_ICSD_247302,"4,14,4",Co4O14Sb4,5.98438,-5.95436,-5.95436,22,0.545441
"a,x4","10.5017,0.838027",aflow:213fbef41f8612df,aflowlib.duke.edu:AFLOWDATA/ICSD_WEB/FCC/Dy2Hf2O7_ICSD_162004,"4,4,14",Dy4Hf4O14,9.10692,-9.37413,-9.37413,22,0
"a,x4","10.3439,0.427989",aflow:22f5cb84ee0d48e7,aflowlib.duke.edu:AFLOWDATA/ICSD_WEB/FCC/Cd2O7Os2_ICSD_155765,"4,14,4",Cd4O14Os4,8.6088,-5.83499,-5.83499,22,0.54494
"a,x4","10.3749,0.819842",aflow:2244fd8fc6042b21,aflowlib.duke.edu:AFLOWDATA/ICSD_WEB/FCC/Cd2O7Re2_ICSD_28445,"4,14,4",Cd4O14Re4,8.43657,-6.39711,-6.39711,22,0.363636
"a,x4","10.2514,0.419154",aflow:23120c71c0b95db2,aflowlib.duke.edu:AFLOWDATA/ICSD_WEB/FCC/O7Tb2Ti2_ICSD_159785,"14,4,4",O14Tb4Ti4,6.48162,-8.27694,-8.27694,22,0
"a,x4","10.1389,0.83264",aflow:2351290d30c636b9,aflowlib.duke.edu:AFLOWDATA/ICSD_WEB/FCC/O7Ti2Yb2_ICSD_186196,"14,4,4",O14Ti4Yb4,7.0595,-7.2334,-7.2334,22,-0.181462
"a,x4","10.9524,0.831232",aflow:230367ea2c50156c,aflowlib.duke.edu:AFLOWDATA/ICSD_WEB/FCC/La2O7Zr2_ICSD_154752,"4,14,4",La4O14Zr4,5.78618,-8.96011,-8.96011,22,0
"a,x4","10.9503,0.418758",aflow:247bbd3ebc05c5d2,aflowlib.duke.edu:AFLOWDATA/ICSD_WEB/FCC/La2O7Zr2_ICSD_153222,"4,14,4",La4O14Zr4,5.78956,-8.96009,-8.96009,22,0
"a,x4","10.5356,0.817428",aflow:2507c8eba74d0028,aflowlib.duke.edu:AFLOWDATA/ICSD_WEB/FCC/Cd2O7Ta2_ICSD_77061,"4,14,4",Cd4O14Ta4,7.93697,-7.38323,-7.38323,22,0
"a,x4","10.2422,0.419285",aflow:263678ba745fc81c,aflowlib.duke.edu:AFLOWDATA/ICSD_WEB/FCC/O7Ti2Y2_ICSD_24206,"14,4,4",O14Ti4Y4,4.7677,-8.59564,-8.59564,22,0
"a,x4","10.2211,0.892333",aflow:27893b56ecab0821,aflowlib.duke.edu:AFLOWDATA/ICSD_WEB/FCC/Cd2Nb2O7_ICSD_33672,"4,4,14",Cd4Nb4O14,6.50184,-6.68657,-6.68657,22,0
"a,x4","10.8361,0.415836",aflow:287347360975e3fa,aflowlib.duke.edu:AFLOWDATA/ICSD_WEB/FCC/O7Pr2Zr2_ICSD_150207,"14,4,4",O14Pr4Zr4,6.01635,-9.12397,-9.12397,22,0.36356
"a,x4","9.518,0.821494",aflow:2859f7f97921edc5,aflowlib.duke.edu:AFLOWDATA/ICSD_WEB/FCC/In2O7Si2_ICSD_1458,"4,14,4",In4O14Si4,6.12875,-6.77045,-6.77045,22,0
"a,x4","10.4824,0.838738",aflow:2abe19acdd8fcd02,aflowlib.duke.edu:AFLOWDATA/ICSD_WEB/FCC/Hf2Ho2O7_ICSD_162005,"4,4,14",Hf4Ho4O14,9.21326,-9.36745,-9.36745,22,0
"a,x4","10.2424,0.830772",aflow:2b22c02fd653163d,aflowlib.duke.edu:AFLOWDATA/ICSD_WEB/FCC/O7Ti2Y2_ICSD_42702,"14,4,4",O14Ti4Y4,4.76732,-8.59561,-8.59561,22,0
"a,x4","10.6153,0.408392",aflow:2db3dbc9b38c36d7,aflowlib.duke.edu:AFLOWDATA/ICSD_WEB/FCC/O7Sn2Tb2_ICSD_159790,"14,4,4",O14Sn4Tb4,7.40993,-7.11239,-7.11239,22,0
"a,x4","10.6037,0.408209",aflow:2e0f15e68d17a377,aflowlib.duke.edu:AFLOWDATA/ICSD_WEB/FCC/O7Sn2Y2_ICSD_84805,"14,4,4",O14Sn4Y4,5.87398,-7.43094,-7.43094,22,0
"a,x4","10.5,0.419893",aflow:2f1d5517583903d3,aflowlib.duke.edu:AFLOWDATA/ICSD_WEB/FCC/Bi2O7Ru2_ICSD_166567,"4,14,4",Bi4O14Ru4,8.40117,-6.13344,-6.13344,22,0.363626
"a,x4","10.3363,0.820449",aflow:30fa88014dbc0ad5,aflowlib.duke.edu:AFLOWDATA/ICSD_WEB/FCC/Cd2O7Tc2_ICSD_180008,"4,14,4",Cd4O14Tc4,6.4313,-5.89121,-5.89121,22,0.363774
"a,x4","10.2396,0.830948",aflow:31b61379d4fb0fc3,aflowlib.duke.edu:AFLOWDATA/ICSD_WEB/FCC/O7Ti2Y2_ICSD_93770,"14,4,4",O14Ti4Y4,4.77134,-8.5956,-8.5956,22,0
"a,x4","10.6183,0.813547",aflow:3194a3cbf41303b8,aflowlib.duke.edu:AFLOWDATA/ICSD_WEB/FCC/Hg2Nb2O7_ICSD_22226,"4,4,14",Hg4Nb4O14,7.75602,-6.61068,-6.61068,22,0
"a,x4","10.5105,0.817094",aflow:32b9e9ca9bb557c5,aflowlib.duke.edu:AFLOWDATA/ICSD_WEB/FCC/Cd2Nb2O7_ICSD_168998,"4,4,14",Cd4Nb4O14,5.97942,-6.96766,-6.96766,22,0
"a,x4","10.82,0.415362",aflow:34577a021bcc3bf6,aflowlib.duke.edu:AFLOWDATA/ICSD_WEB/FCC/Nd2O7Zr2_ICSD_62793,"4,14,4",Nd4O14Zr4,6.11306,-9.29553,-9.29553,22,0.545393
"a,x4","10.2516,0.419245",aflow:35df7b9dd18ee3cd,aflowlib.duke.edu:AFLOWDATA/ICSD_WEB/FCC/O7Tb2Ti2_ICSD_159784,"14,4,4",O14Tb4Ti4,6.48125,-8.27694,-8.27694,22,0
"a,x4","10.4521,0.432405",aflow:36c928c62270d974,aflowlib.duke.edu:AFLOWDATA/ICSD_WEB/FCC/Hg2O7Os2_ICSD_159802,"4,14,4",Hg4O14Os4,10.3959,-5.47952,-5.47952,22,0.53054
"a,x4","10.3439,0.822008",aflow:377b19b09bf04cd6,aflowlib.duke.edu:AFLOWDATA/ICSD_WEB/FCC/Cd2O7Os2_ICSD_155763,"4,14,4",Cd4O14Os4,8.60875,-5.83499,-5.83499,22,0.544941
"a,x4","10.5107,0.831809",aflow:3738d8faeea43080,aflowlib.duke.edu:AFLOWDATA/ICSD_WEB/FCC/Nd2O7Ru2_ICSD_78133,"4,14,4",Nd4O14Ru4,6.89427,-7.61767,-7.61767,22,0.90913
"a,x4","10.9715,0.833341",aflow:39d6247fa8017e9a,aflowlib.duke.edu:AFLOWDATA/ICSD_WEB/FCC/La2O7Sn2_ICSD_167144,"4,14,4",La4O14Sn4,6.30861,-7.06214,-7.06214,22,0
"a,x4","10.4525,0.817264",aflow:3a61baf6dcbf9163,aflowlib.duke.edu:AFLOWDATA/ICSD_WEB/FCC/Hg2O7Os2_ICSD_159807,"4,14,4",Hg4O14Os4,10.3948,-5.47961,-5.47961,22,0.530205
"a,x4","10.054,0.419891",aflow:3a4a6876faf133b0,aflowlib.duke.edu:AFLOWDATA/ICSD_WEB/FCC/Mn2O7Y2_ICSD_202516,"4,14,4",Mn4O14Y4,5.22444,-8.10328,-8.10328,22,0.545395
"a,x4","10.2314,0.838808",aflow:3add5c3f5522b969,aflowlib.duke.edu:AFLOWDATA/ICSD_WEB/FCC/Ho2O7Ru2_ICSD_96730,"4,14,4",Ho4O14Ru4,7.98764,-7.36749,-7.36749,22,0.363642
"a,x4","10.5039,0.830191",aflow:3b5090fa3a09cc57,aflowlib.duke.edu:AFLOWDATA/ICSD_WEB/FCC/Bi2O7Ru2_ICSD_166566,"4,14,4",Bi4O14Ru4,8.39178,-6.13343,-6.13343,22,0.363627
"a,x4","10.8209,0.834664",aflow:3c35f9884057a217,aflowlib.duke.edu:AFLOWDATA/ICSD_WEB/FCC/Nd2O7Zr2_ICSD_249974,"4,14,4",Nd4O14Zr4,6.11165,-9.29553,-9.29553,22,0.545411
"a,x4","10.1402,0.417298",aflow:3d6287c20288a1ef,aflowlib.duke.edu:AFLOWDATA/ICSD_WEB/FCC/O7Ti2Yb2_ICSD_161405,"14,4,4",O14Ti4Yb4,7.0568,-7.2334,-7.2334,22,0.181804
"a,x4","10.1121,0.831213",aflow:3d1f3040f69c29a8,aflowlib.duke.edu:AFLOWDATA/ICSD_WEB/FCC/Dy2O7V2_ICSD_160863,"4,14,4",Dy4O14V4,6.92329,-8.20289,-8.20289,22,0.181793
"a,x4","10.5344,0.432483",aflow:3d7ea012d0f48467,aflowlib.duke.edu:AFLOWDATA/ICSD_WEB/FCC/Cd2O7Ta2_ICSD_27123,"4,14,4",Cd4O14Ta4,7.93969,-7.38325,-7.38325,22,0
"a,x4","10.8271,0.362968",aflow:3f79a5060d7a9a11,aflowlib.duke.edu:AFLOWDATA/ICSD_WEB/FCC/La2O7Zr2_ICSD_184102,"4,14,4",La4O14Zr4,5.98936,-8.53518,-8.53518,22,0
"a,x4","10.8216,0.415323",aflow:3f94e58e38411237,aflowlib.duke.edu:AFLOWDATA/ICSD_WEB/FCC/Nd2O7Zr2_ICSD_174187,"4,14,4",Nd4O14Zr4,6.11034,-9.29553,-9.29553,22,0.545454
"a,x4","10.5109,0.831806",aflow:4087639876ca3f66,aflowlib.duke.edu:AFLOWDATA/ICSD_WEB/FCC/Nd2O7Ru2_ICSD_79327,"4,14,4",Nd4O14Ru4,6.89386,-7.61767,-7.61767,22,0.909143
"a,x4","10.9,0.432443",aflow:419c4b6caa59a978,aflowlib.duke.edu:AFLOWDATA/ICSD_WEB/FCC/Cu2F6Hg2S1_ICSD_156367,"4,12,4,2",Cu4F12Hg4S2,6.9172,-3.17768,-3.17768,22,0.182047
"a,x4","10.3034,0.417199",aflow:4260df9809b76428,aflowlib.duke.edu:AFLOWDATA/ICSD_WEB/FCC/Gd2O7Ru2_ICSD_79332,"4,14,4",Gd4O14Ru4,7.63474,-7.80877,-7.80877,22,1.26958
"a,x4","10.7361,0.348734",aflow:4211fa0b4a8c987c,aflowlib.duke.edu:AFLOWDATA/ICSD_WEB/FCC/O7Pb2Sb2_ICSD_24246,"14,4,4",O14Pb4Sb4,8.2649,-5.51484,-5.51484,22,0
"a,x4","10.9566,0.418728",aflow:42214ee738e23258,aflowlib.duke.edu:AFLOWDATA/ICSD_WEB/FCC/La2O7Zr2_ICSD_153814,"4,14,4",La4O14Zr4,5.7795,-8.9601,-8.9601,22,0
"a,x3,x4","13.0757,0.723342,0.775162",aflow:4397ed9a800a61af,aflowlib.duke.edu:AFLOWDATA/ICSD_WEB/FCC/C4Cd1K2N4_ICSD_23994,"8,2,4,8",C8Cd2K4N8,1.75104,-6.69079,-6.69079,22,0
"a,x4","10.6063,0.408248",aflow:43a95bb7cd8a43ac,aflowlib.duke.edu:AFLOWDATA/ICSD_WEB/FCC/O7Sn2Y2_ICSD_153817,"14,4,4",O14Sn4Y4,5.86971,-7.43093,-7.43093,22,0
"a,x4","10.4531,0.81726",aflow:455356e5dfe33177,aflowlib.duke.edu:AFLOWDATA/ICSD_WEB/FCC/Hg2O7Os2_ICSD_159796,"4,14,4",Hg4O14Os4,10.393,-5.47961,-5.47961,22,0.530221
"a,x4","10.508,0.817316",aflow:45da11711f06cd30,aflowlib.duke.edu:AFLOWDATA/ICSD_WEB/FCC/Cd2Nb2O7_ICSD_27122,"4,4,14",Cd4Nb4O14,5.98381,-6.96768,-6.96768,22,0
"a,x4","10.8859,0.83311",aflow:46c19ace37abc759,aflowlib.duke.edu:AFLOWDATA/ICSD_WEB/FCC/Ce2O7Zr2_ICSD_168596,"4,14,4",Ce4O14Zr4,5.9179,-9.00725,-9.00725,22,0.18181
"a,x4","10.535,0.817494",aflow:465fb4e9bb6a474e,aflowlib.duke.edu:AFLOWDATA/ICSD_WEB/FCC/Cd2O7Ta2_ICSD_9715,"4,14,4",Cd4O14Ta4,7.93838,-7.38327,-7.38327,22,0
"a,x4","10.8264,0.363044",aflow:463c5b0d17fa2d9a,aflowlib.duke.edu:AFLOWDATA/ICSD_WEB/FCC/La2O7Zr2_ICSD_184098,"4,14,4",La4O14Zr4,5.99057,-8.5352,-8.5352,22,0
"a,x4","10.2396,0.830958",aflow:474cec417886a308,aflowlib.duke.edu:AFLOWDATA/ICSD_WEB/FCC/O7Ti2Y2_ICSD_167563,"14,4,4",O14Ti4Y4,4.77128,-8.5956,-8.5956,22,0
"a,x4","10.3438,0.822011",aflow:47d700b6c56b509e,aflowlib.duke.edu:AFLOWDATA/ICSD_WEB/FCC/Cd2O7Os2_ICSD_155766,"4,14,4",Cd4O14Os4,8.60885,-5.83499,-5.83499,22,0.54494
"a,x4","10.9722,0.833292",aflow:47f7fd7233cdb705,aflowlib.duke.edu:AFLOWDATA/ICSD_WEB/FCC/La2O7Sn2_ICSD_24195,"4,14,4",La4O14Sn4,6.30751,-7.06209,-7.06209,22,0
"a,x4","10.6799,0.83227",aflow:491d48d0074836ad,aflowlib.duke.edu:AFLOWDATA/ICSD_WEB/FCC/Eu2Hf2O7_ICSD_236212,"4,4,14",Eu4Hf4O14,8.42866,-9.88435,-9.88435,22,1.09103
"a,x4","10.5375,0.817079",aflow:4aaabc9e717d320e,aflowlib.duke.edu:AFLOWDATA/ICSD_WEB/FCC/Ca2Nb2O7_ICSD_22411,"4,4,14",Ca4Nb4O14,4.29127,-8.01925,-8.01925,22,0
"a,x4","10.5217,0.843614",aflow:4b573afa6b1e0d55,aflowlib.duke.edu:AFLOWDATA/ICSD_WEB/FCC/O7Sn2Yb2_ICSD_82964,"14,4,4",O14Sn4Yb4,7.93136,-6.046,-6.046,22,0.181824
"a,x4","10.3153,0.829202",aflow:4ce95fbe3fce93b1,aflowlib.duke.edu:AFLOWDATA/ICSD_WEB/FCC/Gd2O7Ti2_ICSD_24207,"4,14,4",Gd4O14Ti4,6.3214,-9.91623,-9.91623,22,1.27275
"a,x4","10.4063,0.412545",aflow:4ccb36dec7b68f47,aflowlib.duke.edu:AFLOWDATA/ICSD_WEB/FCC/Mo2O7Tb2_ICSD_159771,"4,14,4",Mo4O14Tb4,7.32916,-8.1605,-8.1605,22,0.363634
"a,x4","10.3437,0.822021",aflow:4c6953b4a0fa5011,aflowlib.duke.edu:AFLOWDATA/ICSD_WEB/FCC/Cd2O7Os2_ICSD_155769,"4,14,4",Cd4O14Os4,8.60908,-5.83499,-5.83499,22,0.544935
"a,x4","10.249,0.830762",aflow:4dc4576f6ea86fac,aflowlib.duke.edu:AFLOWDATA/ICSD_WEB/FCC/O7Tb2Ti2_ICSD_151747,"14,4,4",O14Tb4Ti4,6.48621,-8.27691,-8.27691,22,0
"a,x4","10.4743,0.824495",aflow:4ddd3fc4b2a6ef79,aflowlib.duke.edu:AFLOWDATA/ICSD_WEB/FCC/Bi2O7Ti2_ICSD_161100,"4,14,4",Bi4O14Ti4,7.23387,-7.03908,-7.03908,22,0
"a,x3,x4","13.0169,0.276986,0.224936",aflow:4e06c5bc5f484ac8,aflowlib.duke.edu:AFLOWDATA/ICSD_WEB/FCC/C4Hg1K2N4_ICSD_62084,"8,2,4,8",C8Hg2K4N8,2.30595,-6.57611,-6.57611,22,0
"a,x4","10.7802,0.438202",aflow:4f689ce2ad31aa19,aflowlib.duke.edu:AFLOWDATA/ICSD_WEB/FCC/O7Sn2Ta2_ICSD_163818,"14,4,4",O14Sn4Ta4,7.54211,-7.908,-7.908,22,0
"a,x4","10.3863,0.359865",aflow:5032318cfec8a5e0,aflowlib.duke.edu:AFLOWDATA/ICSD_WEB/FCC/Ca2O7Sb2_ICSD_24245,"4,14,4",Ca4O14Sb4,5.16532,-5.97806,-5.97806,22,0
"a,x4","10.3427,0.427982",aflow:50ddac208526fffa,aflowlib.duke.edu:AFLOWDATA/ICSD_WEB/FCC/Cd2O7Os2_ICSD_155772,"4,14,4",Cd4O14Os4,8.61175,-5.83499,-5.83499,22,0.544937
"a,x4","10.879,0.818806",aflow:51714392649712d1,aflowlib.duke.edu:AFLOWDATA/ICSD_WEB/FCC/F6Hg2Ni2S1_ICSD_4083,"12,4,4,2",F12Hg4Ni4S2,6.85715,-3.61456,-3.61456,22,0.363684
"a,x4","10.2594,0.413115",aflow:51ea47843e461e60,aflowlib.duke.edu:AFLOWDATA/ICSD_WEB/FCC/Ir2O7Y2_ICSD_187534,"4,14,4",Ir4O14Y4,8.29467,-7.54565,-7.54565,22,0.181673
"a,x4","10.8273,0.363008",aflow:518630d75dad5140,aflowlib.duke.edu:AFLOWDATA/ICSD_WEB/FCC/La2O7Zr2_ICSD_184096,"4,14,4",La4O14Zr4,5.98918,-8.53519,-8.53519,22,0
"a,x4","10.8848,0.416792",aflow:52ca4f34ce90ae48,aflowlib.duke.edu:AFLOWDATA/ICSD_WEB/FCC/Ce2O7Zr2_ICSD_168595,"4,14,4",Ce4O14Zr4,5.91964,-9.00724,-9.00724,22,0.18181
"a,x4","10.5611,0.817387",aflow:54ff4abcf9aa0a9e,aflowlib.duke.edu:AFLOWDATA/ICSD_WEB/FCC/Ca2O7Ta2_ICSD_27121,"4,14,4",Ca4O14Ta4,6.24837,-8.43551,-8.43551,22,0
"a,x4","10.6069,0.822847",aflow:5419805aeec1a922,aflowlib.duke.edu:AFLOWDATA/ICSD_WEB/FCC/La2O7Ti2_ICSD_164027,"4,14,4",La4O14Ti4,5.40576,-8.17553,-8.17553,22,0
"a,x4","10.6051,0.408212",aflow:542a24e530204c1a,aflowlib.duke.edu:AFLOWDATA/ICSD_WEB/FCC/O7Sn2Y2_ICSD_74706,"14,4,4",O14Sn4Y4,5.8716,-7.43095,-7.43095,22,0
"a,x4","10.2224,0.831543",aflow:55b9faf4733959de,aflowlib.duke.edu:AFLOWDATA/ICSD_WEB/FCC/Dy2O7Ti2_ICSD_188553,"4,14,4",Dy4O14Ti4,6.62585,-8.27656,-8.27656,22,0
"a,x4","10.474,0.835734",aflow:56e85df50d5b92c2,aflowlib.duke.edu:AFLOWDATA/ICSD_WEB/FCC/Gd2Mo2O7_ICSD_159775,"4,4,14",Gd4Mo4O14,7.14918,-9.80201,-9.80201,22,1.06452
"a,x4","10.4531,0.817256",aflow:56b0c1126a7390fb,aflowlib.duke.edu:AFLOWDATA/ICSD_WEB/FCC/Hg2O7Os2_ICSD_159794,"4,14,4",Hg4O14Os4,10.3928,-5.47961,-5.47961,22,0.530219
"a,x4","10.7485,0.437578",aflow:56428d5401825d75,aflowlib.duke.edu:AFLOWDATA/ICSD_WEB/FCC/Nb2O7Sn2_ICSD_163817,"4,14,4",Nb4O14Sn4,5.72543,-7.50126,-7.50126,22,0
"a,x4","10.605,0.840556",aflow:574859fb725b71ef,aflowlib.duke.edu:AFLOWDATA/ICSD_WEB/FCC/O7Y2Zr2_ICSD_153818,"14,4,4",O14Y4Zr4,5.25984,-9.29112,-9.29112,22,0
"a,x4","10.8791,0.431187",aflow:580527b50331e5ea,aflowlib.duke.edu:AFLOWDATA/ICSD_WEB/FCC/F6Hg2Ni2S1_ICSD_166545,"12,4,4,2",F12Hg4Ni4S2,6.85685,-3.61464,-3.61464,22,0.363685
"a,x4","10.3939,0.829863",aflow:5882443e36213ebb,aflowlib.duke.edu:AFLOWDATA/ICSD_WEB/FCC/Bi2O7Ru2_ICSD_161102,"4,14,4",Bi4O14Ru4,8.66097,-6.07804,-6.07804,22,0
"a,x4","10.5508,0.876173",aflow:5c939a2366507ada,aflowlib.duke.edu:AFLOWDATA/ICSD_WEB/FCC/Gd2O7Zr2_ICSD_261758,"4,14,4",Gd4O14Zr4,6.88738,-10.3493,-10.3493,22,1.27276
"a,x4","10.563,0.843012",aflow:5f7286e5bbc992cc,aflowlib.duke.edu:AFLOWDATA/ICSD_WEB/FCC/Ho2O7Sn2_ICSD_84748,"4,14,4",Ho4O14Sn4,7.65603,-7.10373,-7.10373,22,0
"a,x4","10.5943,0.835488",aflow:5f18888e5af5d54c,aflowlib.duke.edu:AFLOWDATA/ICSD_WEB/FCC/Gd2Hf2O7_ICSD_236213,"4,4,14",Gd4Hf4O14,8.75272,-11.0309,-11.0309,22,1.27271
"a,x4","10.4531,0.43274",aflow:5f84d645ff5d211c,aflowlib.duke.edu:AFLOWDATA/ICSD_WEB/FCC/Hg2O7Os2_ICSD_159795,"4,14,4",Hg4O14Os4,10.393,-5.47961,-5.47961,22,0.530221
"a,x4","10.3439,0.822008",aflow:617c1650c2621b3d,aflowlib.duke.edu:AFLOWDATA/ICSD_WEB/FCC/Cd2O7Os2_ICSD_155764,"4,14,4",Cd4O14Os4,8.60872,-5.83499,-5.83499,22,0.544941
"a,x4","10.5298,0.832063",aflow:646ccd3a29e844e5,aflowlib.duke.edu:AFLOWDATA/ICSD_WEB/FCC/Bi2O7Pt2_ICSD_161104,"4,14,4",Bi4O14Pt4,10.4695,-5.46846,-5.46846,22,0
"a,x4","10.4069,0.412518",aflow:647ebaa8849028fd,aflowlib.duke.edu:AFLOWDATA/ICSD_WEB/FCC/Mo2O7Tb2_ICSD_159773,"4,14,4",Mo4O14Tb4,7.32788,-8.16049,-8.16049,22,0.363634
"a,x4","10.5504,0.876215",aflow:6643c2cb85a58314,aflowlib.duke.edu:AFLOWDATA/ICSD_WEB/FCC/Gd2O7Zr2_ICSD_185396,"4,14,4",Gd4O14Zr4,6.88826,-10.3493,-10.3493,22,1.27276
"a,x4","10.3426,0.42798",aflow:66faa8b1cbf42cfd,aflowlib.duke.edu:AFLOWDATA/ICSD_WEB/FCC/Cd2O7Os2_ICSD_155773,"4,14,4",Cd4O14Os4,8.61183,-5.83499,-5.83499,22,0.544936
"a,x4","12.2505,0.836767",aflow:67b666bacf33118c,aflowlib.duke.edu:AFLOWDATA/LIB3_WEB/PPtTl_d/ICSD_22215.ABC,"14,4,4",P14Pt4Tl4,7.33934,-4.63755,-4.63755,22,0
"a,x4","10.7535,0.412336",aflow:67ce809ba898eca9,aflowlib.duke.edu:AFLOWDATA/ICSD_WEB/FCC/Eu2O7Sn2_ICSD_173949,"4,14,4",Eu4O14Sn4,6.97904,-7.60394,-7.60394,22,1.0909
"a,x4","10.2786,0.837499",aflow:67f0a9c54eedcaa2,aflowlib.duke.edu:AFLOWDATA/ICSD_WEB/FCC/O7Ru2Y2_ICSD_79733,"14,4,4",O14Ru4Y4,6.01805,-7.68354,-7.68354,22,0.363639
"a,x4","10.8953,0.817561",aflow:678fbb0abfa6e0dd,aflowlib.duke.edu:AFLOWDATA/ICSD_WEB/FCC/Cu2F6Hg2S1_ICSD_156368,"4,12,4,2",Cu4F12Hg4S2,6.92613,-3.17765,-3.17765,22,0.182045
"a,x4","10.6086,0.822831",aflow:683c0548427d5312,aflowlib.duke.edu:AFLOWDATA/ICSD_WEB/FCC/La2O7Ti2_ICSD_153816,"4,14,4",La4O14Ti4,5.40326,-8.17525,-8.17525,22,0
"a,x4","10.6145,0.408495",aflow:6abe626ad755b27a,aflowlib.duke.edu:AFLOWDATA/ICSD_WEB/FCC/O7Sn2Tb2_ICSD_159786,"14,4,4",O14Sn4Tb4,7.41153,-7.11239,-7.11239,22,0
"a,x4","10.4525,0.817263",aflow:6c673b94bca8e244,aflowlib.duke.edu:AFLOWDATA/ICSD_WEB/FCC/Hg2O7Os2_ICSD_159806,"4,14,4",Hg4O14Os4,10.3948,-5.47961,-5.47961,22,0.530203
"a,x4","10.821,0.834666",aflow:6dcdfe64773582b3,aflowlib.duke.edu:AFLOWDATA/ICSD_WEB/FCC/Nd2O7Zr2_ICSD_154754,"4,14,4",Nd4O14Zr4,6.1115,-9.29555,-9.29555,22,0.545465
"a,x4","10.5375,0.843816",aflow:6e0cff70171929f0,aflowlib.duke.edu:AFLOWDATA/ICSD_WEB/FCC/Er2O7Sn2_ICSD_82962,"4,14,4",Er4O14Sn4,7.76459,-7.10082,-7.10082,22,0
"a,x4","10.8537,0.433001",aflow:6f7b1c9a0527f360,aflowlib.duke.edu:AFLOWDATA/ICSD_WEB/FCC/O7Pb2Sb2_ICSD_27120,"14,4,4",O14Pb4Sb4,7.99908,-5.87003,-5.87003,22,0
"a,x4","10.6793,0.417704",aflow:70aae2c237d0db8b,aflowlib.duke.edu:AFLOWDATA/ICSD_WEB/FCC/Eu2Hf2O7_ICSD_173953,"4,4,14",Eu4Hf4O14,8.43002,-9.88435,-9.88435,22,1.09091
"a,x4","10.5508,0.876169",aflow:71652fe0e83ff5b4,aflowlib.duke.edu:AFLOWDATA/ICSD_WEB/FCC/Gd2O7Zr2_ICSD_185395,"4,14,4",Gd4O14Zr4,6.88732,-10.3493,-10.3493,22,1.27276
"a,x4","10.7363,0.359678",aflow:7198b9a48a58092a,aflowlib.duke.edu:AFLOWDATA/ICSD_WEB/FCC/Hf2La2O7_ICSD_173790,"4,4,14",Hf4La4O14,8.01617,-8.86126,-8.86126,22,0
"a,x4","10.5375,0.843816",aflow:7146000986be1a20,aflowlib.duke.edu:AFLOWDATA/ICSD_WEB/FCC/Er2O7Sn2_ICSD_84749,"4,14,4",Er4O14Sn4,7.76459,-7.10082,-7.10082,22,0
"a,x4","10.0527,0.830118",aflow:72ded1ad94619a81,aflowlib.duke.edu:AFLOWDATA/ICSD_WEB/FCC/Mn2O7Y2_ICSD_56516,"4,14,4",Mn4O14Y4,5.22643,-8.10325,-8.10325,22,0.545396
"a,x4","10.3775,0.426074",aflow:73c456125e116be3,aflowlib.duke.edu:AFLOWDATA/ICSD_WEB/FCC/O7Ru2Tl2_ICSD_172017,"14,4,4",O14Ru4Tl4,8.59249,-5.57552,-5.57552,22,0.363629
"a,x4","9.9454,0.876756",aflow:735307e87292ac4c,aflowlib.duke.edu:AFLOWDATA/ICSD_WEB/FCC/Lu2O7V2_ICSD_160599,"4,14,4",Lu4O14V4,7.61399,-7.65904,-7.65904,22,0.00973304
"a,x4","10.1711,0.83274",aflow:741f2418db817598,aflowlib.duke.edu:AFLOWDATA/ICSD_WEB/FCC/Er2O7Ti2_ICSD_150211,"4,14,4",Er4O14Ti4,6.84679,-8.27537,-8.27537,22,0
"a,x4","9.4269,0.823637",aflow:7422ec9f7b12ff6b,aflowlib.duke.edu:AFLOWDATA/ICSD_WEB/FCC/O7Sc2Si2_ICSD_1457,"14,4,4",O14Sc4Si4,4.09243,-8.16279,-8.16279,22,0
"a,x4","10.4322,0.823978",aflow:756096e33f80cb70,aflowlib.duke.edu:AFLOWDATA/ICSD_WEB/FCC/Cd2O7Sb2_ICSD_165168,"4,14,4",Cd4O14Sb4,6.79017,-5.36123,-5.36123,22,0
"a,x4","10.9821,0.892412",aflow:751d18b344f6c0ef,aflowlib.duke.edu:AFLOWDATA/LIB3_WEB/B_hPPt/ICSD_161104.ABC,"4,14,4",B4P14Pt4,6.30484,-5.2635,-5.2635,22,0
"a,x4","10.8645,0.828475",aflow:76fb1c0b95c6b115,aflowlib.duke.edu:AFLOWDATA/ICSD_WEB/FCC/Hf2La2O7_ICSD_153815,"4,4,14",Hf4La4O14,7.73588,-9.3467,-9.3467,22,0
"a,x4","10.8301,0.363092",aflow:770a957dc132d359,aflowlib.duke.edu:AFLOWDATA/ICSD_WEB/FCC/La2O7Zr2_ICSD_184100,"4,14,4",La4O14Zr4,5.98453,-8.5352,-8.5352,22,0
"a,x4","10.1743,0.417185",aflow:77968dc97cd307c2,aflowlib.duke.edu:AFLOWDATA/ICSD_WEB/FCC/Er2O7Ti2_ICSD_24209,"4,14,4",Er4O14Ti4,6.84043,-8.2754,-8.2754,22,0
"a,x4","10.4849,0.824927",aflow:78362da03fd4c22e,aflowlib.duke.edu:AFLOWDATA/ICSD_WEB/FCC/Eu2O7Ru2_ICSD_173947,"4,14,4",Eu4O14Ru4,7.12319,-7.838,-7.838,22,1.62838
"a,x4","10.4848,0.825352",aflow:7a20759f81b8af5a,aflowlib.duke.edu:AFLOWDATA/ICSD_WEB/FCC/Eu2O7Ru2_ICSD_109306,"4,14,4",Eu4O14Ru4,7.12348,-7.84252,-7.84252,22,1.63326
"a,x4","10.8833,0.417031",aflow:7a5e154a75bf761b,aflowlib.duke.edu:AFLOWDATA/ICSD_WEB/FCC/Ce2O7Zr2_ICSD_168598,"4,14,4",Ce4O14Zr4,5.92216,-9.00725,-9.00725,22,0.18181
"a,x4","10.2415,0.830978",aflow:7b8fca634f8b5c68,aflowlib.duke.edu:AFLOWDATA/ICSD_WEB/FCC/O7Ti2Y2_ICSD_66874,"14,4,4",O14Ti4Y4,4.7686,-8.59561,-8.59561,22,0
"a,x4","10.4517,0.432698",aflow:7ca837aeeae53594,aflowlib.duke.edu:AFLOWDATA/ICSD_WEB/FCC/Hg2O7Os2_ICSD_159808,"4,14,4",Hg4O14Os4,10.3971,-5.47962,-5.47962,22,0.530209
"a,x4","10.3788,0.423303",aflow:7ce0930de22d4e27,aflowlib.duke.edu:AFLOWDATA/ICSD_WEB/FCC/Eu2O7Ti2_ICSD_173945,"4,14,4",Eu4O14Ti4,6.08041,-8.75674,-8.75674,22,1.09169
"a,x4","10.8265,0.363046",aflow:7e93fe7271cbaea2,aflowlib.duke.edu:AFLOWDATA/ICSD_WEB/FCC/La2O7Zr2_ICSD_184099,"4,14,4",La4O14Zr4,5.99047,-8.5352,-8.5352,22,0
"a,x4","10.855,0.414142",aflow:7f75c02e8947ca2d,aflowlib.duke.edu:AFLOWDATA/ICSD_WEB/FCC/O7Pr2Sn2_ICSD_82957,"14,4,4",O14Pr4Sn4,6.55556,-7.22882,-7.22882,22,0.363631
"a,x4","10.6051,0.841786",aflow:81c58f5faba12e54,aflowlib.duke.edu:AFLOWDATA/ICSD_WEB/FCC/O7Sn2Y2_ICSD_24193,"14,4,4",O14Sn4Y4,5.87171,-7.43095,-7.43095,22,0
"a,x4","10.4713,0.425493",aflow:81684c85140475d2,aflowlib.duke.edu:AFLOWDATA/ICSD_WEB/FCC/Bi2O7Ti2_ICSD_180394,"4,14,4",Bi4O14Ti4,7.24001,-7.03545,-7.03545,22,0
"a,x4","10.9637,0.833381",aflow:81f6685e6d6272fa,aflowlib.duke.edu:AFLOWDATA/ICSD_WEB/FCC/La2O7Sn2_ICSD_153813,"4,14,4",La4O14Sn4,6.32217,-7.06211,-7.06211,22,0
"a,x4","10.6078,0.841931",aflow:8254e3e4dbfa3d3a,aflowlib.duke.edu:AFLOWDATA/ICSD_WEB/FCC/O7Sn2Y2_ICSD_160115,"14,4,4",O14Sn4Y4,5.8671,-7.4309,-7.4309,22,0
"a,x4","9.7751,0.414074",aflow:82f25b8da0ba88ae,aflowlib.duke.edu:AFLOWDATA/ICSD_WEB/FCC/Mn2O7Sc2_ICSD_83277,"4,14,4",Mn4O14Sc4,4.43436,-7.81459,-7.81459,22,0.545418
"a,x4","10.4064,0.412527",aflow:84dc0cb5db934f78,aflowlib.duke.edu:AFLOWDATA/ICSD_WEB/FCC/Mo2O7Tb2_ICSD_159772,"4,14,4",Mo4O14Tb4,7.32884,-8.1605,-8.1605,22,0.363634
"a,x4","10.4462,0.422514",aflow:84de0515704a30c3,aflowlib.duke.edu:AFLOWDATA/ICSD_WEB/FCC/Eu2Ir2O7_ICSD_156437,"4,4,14",Eu4Ir4O14,9.32709,-7.7175,-7.7175,22,1.38184
"a,x4","10.2535,0.419108",aflow:85eca6ecf13ac5bd,aflowlib.duke.edu:AFLOWDATA/ICSD_WEB/FCC/O7Tb2Ti2_ICSD_159783,"14,4,4",O14Tb4Ti4,6.47758,-8.27691,-8.27691,22,0
"a,x4","10.2414,0.83098",aflow:8673f401144ed031,aflowlib.duke.edu:AFLOWDATA/ICSD_WEB/FCC/O7Ti2Y2_ICSD_14242,"14,4,4",O14Ti4Y4,4.76875,-8.59564,-8.59564,22,0
"a,x4","10.5427,0.830546",aflow:862cf91b51080062,aflowlib.duke.edu:AFLOWDATA/ICSD_WEB/FCC/Bi2O7Os2_ICSD_161105,"4,14,4",Bi4O14Os4,10.3204,-6.48016,-6.48016,22,0.363217
"a,x4","10.5256,0.412685",aflow:868f500a39cc59bb,aflowlib.duke.edu:AFLOWDATA/ICSD_WEB/FCC/Hf2O7Y2_ICSD_153819,"4,14,4",Hf4O14Y4,7.36826,-9.69513,-9.69513,22,0
"a,x4","10.1113,0.887066",aflow:8914bb62219de8c7,aflowlib.duke.edu:AFLOWDATA/ICSD_WEB/FCC/O7V2Y2_ICSD_160600,"14,4,4",O14V4Y4,5.03342,-7.87631,-7.87631,22,0.168893
"a,x4","10.1366,0.416742",aflow:890ed27bdf516d24,aflowlib.duke.edu:AFLOWDATA/ICSD_WEB/FCC/O7Ti2Yb2_ICSD_188872,"14,4,4",O14Ti4Yb4,7.06446,-7.23326,-7.23326,22,-0.182517
"a,x4","10.8432,0.835129",aflow:898a48d440cfd173,aflowlib.duke.edu:AFLOWDATA/ICSD_WEB/FCC/Bi2O7Sn2_ICSD_84793,"4,14,4",Bi4O14Sn4,7.99561,-5.90764,-5.90764,22,0
"a,x4","10.4019,0.818005",aflow:8a26312f862c053c,aflowlib.duke.edu:AFLOWDATA/ICSD_WEB/FCC/Hg2O7Ru2_ICSD_420818,"4,14,4",Hg4O14Ru4,8.443,-5.01111,-5.01111,22,0.539595
"a,x4","10.5894,0.842355",aflow:8f55b8fd8c7100a5,aflowlib.duke.edu:AFLOWDATA/ICSD_WEB/FCC/Dy2O7Sn2_ICSD_82960,"4,14,4",Dy4O14Sn4,7.54439,-7.10839,-7.10839,22,0
"a,x4","10.2392,0.830998",aflow:8fd5e0c67bc9a341,aflowlib.duke.edu:AFLOWDATA/ICSD_WEB/FCC/O7Ti2Y2_ICSD_157666,"14,4,4",O14Ti4Y4,4.77188,-8.5956,-8.5956,22,0
"a,x4","10.8856,0.416847",aflow:92d8cad426eb934c,aflowlib.duke.edu:AFLOWDATA/ICSD_WEB/FCC/Ce2O7Zr2_ICSD_168599,"4,14,4",Ce4O14Zr4,5.91837,-9.00724,-9.00724,22,0.18181
"a,x4","10.2522,0.830801",aflow:92fdf2a76f818ea0,aflowlib.duke.edu:AFLOWDATA/ICSD_WEB/FCC/O7Tb2Ti2_ICSD_159781,"14,4,4",O14Tb4Ti4,6.48007,-8.27692,-8.27692,22,0
"a,x4","10.238,0.879468",aflow:94728fb708ce29e7,aflowlib.duke.edu:AFLOWDATA/ICSD_WEB/FCC/O7Pt2Sb2_ICSD_108965,"14,4,4",O14Pt4Sb4,9.23088,-5.16818,-5.16818,22,0.337129
"a,x4","10.5348,0.817453",aflow:95df745382b87aa8,aflowlib.duke.edu:AFLOWDATA/ICSD_WEB/FCC/Cd2O7Ta2_ICSD_75605,"4,14,4",Cd4O14Ta4,7.93882,-7.38323,-7.38323,22,0
"a,x4","10.8425,0.415872",aflow:9635731f54f1b55c,aflowlib.duke.edu:AFLOWDATA/ICSD_WEB/FCC/O7Pr2Zr2_ICSD_249972,"14,4,4",O14Pr4Zr4,6.00576,-9.12387,-9.12387,22,0.363675
"a,x4","9.9716,0.834547",aflow:97ee8a2a54b05f15,aflowlib.duke.edu:AFLOWDATA/ICSD_WEB/FCC/Lu2O7V2_ICSD_32688,"4,14,4",Lu4O14V4,7.55404,-8.22519,-8.22519,22,0.181811
"a,x4","10.5876,0.407634",aflow:98284134b8c2cfdc,aflowlib.duke.edu:AFLOWDATA/ICSD_WEB/FCC/Dy2O7Sn2_ICSD_162368,"4,14,4",Dy4O14Sn4,7.54821,-7.10839,-7.10839,22,0
"a,x4","10.4782,0.414666",aflow:9985133e032e8bb7,aflowlib.duke.edu:AFLOWDATA/ICSD_WEB/FCC/Gd2Mo2O7_ICSD_159776,"4,4,14",Gd4Mo4O14,7.14056,-9.80196,-9.80196,22,1.06423
"a,x4","10.8842,0.417024",aflow:9989cc43749eca33,aflowlib.duke.edu:AFLOWDATA/ICSD_WEB/FCC/Ce2O7Zr2_ICSD_168597,"4,14,4",Ce4O14Zr4,5.92074,-9.00725,-9.00725,22,0.18181
"a,x4","10.4773,0.835642",aflow:99c264e2a06a03e4,aflowlib.duke.edu:AFLOWDATA/ICSD_WEB/FCC/Gd2Mo2O7_ICSD_159777,"4,4,14",Gd4Mo4O14,7.14243,-9.80201,-9.80201,22,1.22886
"a,x4","10.5171,0.823293",aflow:9aafb282b4f515eb,aflowlib.duke.edu:AFLOWDATA/ICSD_WEB/FCC/F6Hg2Ni2O1_ICSD_27329,"12,4,4,2",F12Hg4Ni4O2,7.40622,-3.7182,-3.7182,22,0.363725
"a,x4","10.0903,0.423592",aflow:9aa441c460318dd7,aflowlib.duke.edu:AFLOWDATA/ICSD_WEB/FCC/Mn2O7Tl2_ICSD_56515,"4,14,4",Mn4O14Tl4,8.15424,-5.97745,-5.97745,22,0.545616
"a,x4","10.312,0.829393",aflow:9c9e0ffac33bc002,aflowlib.duke.edu:AFLOWDATA/ICSD_WEB/FCC/Gd2O7Ti2_ICSD_164024,"4,14,4",Gd4O14Ti4,6.32746,-9.9162,-9.9162,22,1.27276
"a,x4","10.4053,0.837561",aflow:9c6ccde385a7b917,aflowlib.duke.edu:AFLOWDATA/ICSD_WEB/FCC/Mo2O7Tb2_ICSD_159770,"4,14,4",Mo4O14Tb4,7.33112,-8.16049,-8.16049,22,0.363634
"a,x4","10.8212,0.834634",aflow:9da40989a3a17b79,aflowlib.duke.edu:AFLOWDATA/ICSD_WEB/FCC/Nd2O7Zr2_ICSD_62794,"4,14,4",Nd4O14Zr4,6.11117,-9.29555,-9.29555,22,0.545454
"a,x4","10.1684,0.417113",aflow:9ecd1f8a22e8be6f,aflowlib.duke.edu:AFLOWDATA/ICSD_WEB/FCC/Er2O7Ti2_ICSD_24152,"4,14,4",Er4O14Ti4,6.85219,-8.27536,-8.27536,22,0
"a,x4","10.1113,0.83119",aflow:9eca8167a44d332a,aflowlib.duke.edu:AFLOWDATA/ICSD_WEB/FCC/Dy2O7V2_ICSD_160864,"4,14,4",Dy4O14V4,6.92481,-8.20286,-8.20286,22,0.18181
"a,x4","10.2395,0.830967",aflow:9fdfbb4bc6e77c79,aflowlib.duke.edu:AFLOWDATA/ICSD_WEB/FCC/O7Ti2Y2_ICSD_157667,"14,4,4",O14Ti4Y4,4.7715,-8.5956,-8.5956,22,0
"a,x4","9.8712,0.417115",aflow:9f31bed129498812,aflowlib.duke.edu:AFLOWDATA/ICSD_WEB/FCC/In2Mn2O7_ICSD_56517,"4,4,14",In4Mn4O14,6.23585,-6.46156,-6.46156,22,0.545243
"a,x4","10.4522,0.422804",aflow:a017fe3de251aa22,aflowlib.duke.edu:AFLOWDATA/ICSD_WEB/FCC/Eu2Ir2O7_ICSD_173948,"4,4,14",Eu4Ir4O14,9.31119,-7.71373,-7.71373,22,1.27777
"a,x4","10.2399,0.41914",aflow:a1126e8383f6aa72,aflowlib.duke.edu:AFLOWDATA/ICSD_WEB/FCC/O7Ti2Y2_ICSD_83593,"14,4,4",O14Ti4Y4,4.77089,-8.5956,-8.5956,22,0
"a,x4","10.2397,0.419043",aflow:a12e453fee27822e,aflowlib.duke.edu:AFLOWDATA/ICSD_WEB/FCC/O7Ti2Y2_ICSD_164023,"14,4,4",O14Ti4Y4,4.77117,-8.5956,-8.5956,22,0
"a,x4","10.9563,0.418728",aflow:a28b0cbd44db0558,aflowlib.duke.edu:AFLOWDATA/ICSD_WEB/FCC/La2O7Zr2_ICSD_159321,"4,14,4",La4O14Zr4,5.78001,-8.9601,-8.9601,22,0
"a,x4","10.3144,0.420781",aflow:a232fbc50917714c,aflowlib.duke.edu:AFLOWDATA/ICSD_WEB/FCC/Gd2O7Ti2_ICSD_188552,"4,14,4",Gd4O14Ti4,6.32305,-9.91622,-9.91622,22,1.27275
"a,x4","10.6036,0.408219",aflow:a32fb6036a82925f,aflowlib.duke.edu:AFLOWDATA/ICSD_WEB/FCC/O7Sn2Y2_ICSD_157673,"14,4,4",O14Sn4Y4,5.87408,-7.43094,-7.43094,22,0
"a,x4","10.3429,0.822003",aflow:a6fc371b690c26a0,aflowlib.duke.edu:AFLOWDATA/ICSD_WEB/FCC/Cd2O7Os2_ICSD_155762,"4,14,4",Cd4O14Os4,8.61127,-5.83499,-5.83499,22,0.544944
"a,x4","10.0876,0.423553",aflow:a619d734be29cc82,aflowlib.duke.edu:AFLOWDATA/ICSD_WEB/FCC/Mn2O7Tl2_ICSD_83268,"4,14,4",Mn4O14Tl4,8.16099,-5.97745,-5.97745,22,0.545629
"a,x3,x4","13.0352,0.223713,0.27574",aflow:a70e48dd771ddfc6,aflowlib.duke.edu:AFLOWDATA/ICSD_WEB/FCC/C4Cd1K2N4_ICSD_168524,"8,2,4,8",C8Cd2K4N8,1.76739,-6.69056,-6.69056,22,0
"a,x4","10.51,0.432871",aflow:a7ca7d7c91ec602a,aflowlib.duke.edu:AFLOWDATA/ICSD_WEB/FCC/Cd2Nb2O7_ICSD_75601,"4,4,14",Cd4Nb4O14,5.98026,-6.96765,-6.96765,22,0
"a,x4","10.8478,0.835032",aflow:a82396df41d10e1c,aflowlib.duke.edu:AFLOWDATA/ICSD_WEB/FCC/Bi2O7Sn2_ICSD_86845,"4,14,4",Bi4O14Sn4,7.98554,-5.90764,-5.90764,22,0
"a,x4","10.1421,0.832675",aflow:a9ea942dfec81704,aflowlib.duke.edu:AFLOWDATA/ICSD_WEB/FCC/O7Ti2Yb2_ICSD_173750,"14,4,4",O14Ti4Yb4,7.05291,-7.23343,-7.23343,22,-0.181417
"a,x4","10.3799,0.82646",aflow:a9b34bbe452e7e80,aflowlib.duke.edu:AFLOWDATA/ICSD_WEB/FCC/Eu2O7Ti2_ICSD_83596,"4,14,4",Eu4O14Ti4,6.07843,-8.75674,-8.75674,22,1.09306
"a,x4","10.5509,0.876155",aflow:ac5bd576aa2aa9bd,aflowlib.duke.edu:AFLOWDATA/ICSD_WEB/FCC/Gd2O7Zr2_ICSD_261759,"4,14,4",Gd4O14Zr4,6.88715,-10.3493,-10.3493,22,1.27276
"a,x4","10.8219,0.887053",aflow:ad8f0e3fb8b241c7,aflowlib.duke.edu:AFLOWDATA/ICSD_WEB/FCC/La2O7Zr2_ICSD_184092,"4,14,4",La4O14Zr4,5.99811,-8.53521,-8.53521,22,0
"a,x4","10.4531,0.817257",aflow:ad6ab41204319f2d,aflowlib.duke.edu:AFLOWDATA/ICSD_WEB/FCC/Hg2O7Os2_ICSD_159801,"4,14,4",Hg4O14Os4,10.3928,-5.47961,-5.47961,22,0.53022
"a,x4","10.2866,0.421982",aflow:b1f0715636739c9c,aflowlib.duke.edu:AFLOWDATA/ICSD_WEB/FCC/Mn2O7Sb2_ICSD_247301,"4,14,4",Mn4O14Sb4,5.67964,-6.77106,-6.77106,22,0.909033
"a,x4","10.313,0.829214",aflow:b134f5dd37dc7fb8,aflowlib.duke.edu:AFLOWDATA/ICSD_WEB/FCC/Gd2O7Ti2_ICSD_188036,"4,14,4",Gd4O14Ti4,6.32557,-9.91619,-9.91619,22,1.27275
"a,x4","10.4693,0.424404",aflow:b2ea219cd372311d,aflowlib.duke.edu:AFLOWDATA/ICSD_WEB/FCC/Nd2O7Ti2_ICSD_164026,"4,14,4",Nd4O14Ti4,5.74524,-8.54524,-8.54524,22,0.545455
"a,x4","10.8219,0.363085",aflow:b25cdb4458bd8b83,aflowlib.duke.edu:AFLOWDATA/ICSD_WEB/FCC/La2O7Zr2_ICSD_184094,"4,14,4",La4O14Zr4,5.998,-8.53522,-8.53522,22,0
"a,x4","10.5098,0.817145",aflow:b5e30de2be249c35,aflowlib.duke.edu:AFLOWDATA/ICSD_WEB/FCC/Cd2Nb2O7_ICSD_161921,"4,4,14",Cd4Nb4O14,5.98071,-6.96765,-6.96765,22,0
"a,x4","10.5122,0.41816",aflow:b664db6403115173,aflowlib.duke.edu:AFLOWDATA/ICSD_WEB/FCC/Nd2O7Ru2_ICSD_161572,"4,14,4",Nd4O14Ru4,6.89126,-7.6177,-7.6177,22,0.909098
"a,x4","10.3417,0.428128",aflow:b764c9e375e3c3a3,aflowlib.duke.edu:AFLOWDATA/ICSD_WEB/FCC/Cd2O7Os2_ICSD_155761,"4,14,4",Cd4O14Os4,8.61409,-5.83501,-5.83501,22,0.545006
"a,x4","10.3373,0.411486",aflow:b857eda6f6bae17d,aflowlib.duke.edu:AFLOWDATA/ICSD_WEB/FCC/Dy2O7Tc2_ICSD_109080,"4,14,4",Dy4O14Tc4,7.63422,-7.88166,-7.88166,22,0.545465
"a,x4","10.4665,0.404118",aflow:b88bf7849f6b2379,aflowlib.duke.edu:AFLOWDATA/ICSD_WEB/FCC/Lu2O7Sn2_ICSD_82965,"4,14,4",Lu4O14Sn4,8.10216,-7.09362,-7.09362,22,0
"a,x4","10.2978,0.821707",aflow:b9183dd0b14fd78b,aflowlib.duke.edu:AFLOWDATA/ICSD_WEB/FCC/Cd2O7Ru2_ICSD_86773,"4,14,4",Cd4O14Ru4,6.55629,-5.37023,-5.37023,22,0.54467
"a,x4","10.5494,0.82072",aflow:bc370dbba9251e37,aflowlib.duke.edu:AFLOWDATA/ICSD_WEB/FCC/Hg2O7Sb2_ICSD_160088,"4,14,4",Hg4O14Sb4,8.56176,-4.98453,-4.98453,22,0
"a,x4","10.5117,0.83079",aflow:bcf8fbb0ec2aca65,aflowlib.duke.edu:AFLOWDATA/ICSD_WEB/FCC/Ir2O7Pr2_ICSD_156436,"4,14,4",Ir4O14Pr4,8.90105,-7.2952,-7.2952,22,0.545454
"a,x4","10.4568,0.839468",aflow:bc78f78037a30785,aflowlib.duke.edu:AFLOWDATA/ICSD_WEB/FCC/Er2Hf2O7_ICSD_162006,"4,4,14",Er4Hf4O14,9.33528,-9.36257,-9.36257,22,0
"a,x4","10.4694,0.417551",aflow:bc84d971fcaf7f78,aflowlib.duke.edu:AFLOWDATA/ICSD_WEB/FCC/Eu2O7Pt2_ICSD_173952,"4,14,4",Eu4O14Pt4,9.33172,-7.13003,-7.13003,22,1.15919
"a,x4","10.5089,0.432746",aflow:bd047ab93ea857d5,aflowlib.duke.edu:AFLOWDATA/ICSD_WEB/FCC/Cd2Nb2O7_ICSD_75604,"4,4,14",Cd4Nb4O14,5.9822,-6.96765,-6.96765,22,0
"a,x4","10.5046,0.838023",aflow:bdc7c8a963dd344a,aflowlib.duke.edu:AFLOWDATA/ICSD_WEB/FCC/Dy2Hf2O7_ICSD_245138,"4,4,14",Dy4Hf4O14,9.09923,-9.37392,-9.37392,22,0
"a,x4","10.6154,0.408408",aflow:bd190d01142f162c,aflowlib.duke.edu:AFLOWDATA/ICSD_WEB/FCC/O7Sn2Tb2_ICSD_159787,"14,4,4",O14Sn4Tb4,7.40975,-7.11239,-7.11239,22,0
"a,x4","10.3427,0.822015",aflow:be91a11d8887b483,aflowlib.duke.edu:AFLOWDATA/ICSD_WEB/FCC/Cd2O7Os2_ICSD_155770,"4,14,4",Cd4O14Os4,8.61167,-5.83499,-5.83499,22,0.544938
"a,x4","10.4531,0.817259",aflow:becda3d39931c656,aflowlib.duke.edu:AFLOWDATA/ICSD_WEB/FCC/Hg2O7Os2_ICSD_159798,"4,14,4",Hg4O14Os4,10.393,-5.47961,-5.47961,22,0.530221
"a,x4","10.8216,0.836366",aflow:c1b44328f2767a11,aflowlib.duke.edu:AFLOWDATA/ICSD_WEB/FCC/Nd2O7Sn2_ICSD_82958,"4,14,4",Nd4O14Sn4,6.68642,-7.07953,-7.07953,22,0.54545
"a,x4","10.2617,0.838063",aflow:c1c40da078a99fb2,aflowlib.duke.edu:AFLOWDATA/ICSD_WEB/FCC/Dy2O7Ru2_ICSD_78151,"4,14,4",Dy4O14Ru4,7.85734,-7.36566,-7.36566,22,0.363662
"a,x4","10.3706,0.411218",aflow:c180587aa9cd9240,aflowlib.duke.edu:AFLOWDATA/ICSD_WEB/FCC/O7Pr2Ru2_ICSD_163397,"14,4,4",O14Pr4Ru4,7.09807,-6.77691,-6.77691,22,0
"a,x4","10.453,0.817262",aflow:c181e1f24c013ca9,aflowlib.duke.edu:AFLOWDATA/ICSD_WEB/FCC/Hg2O7Os2_ICSD_159799,"4,14,4",Hg4O14Os4,10.3931,-5.47961,-5.47961,22,0.530221
"a,x4","10.9545,0.418754",aflow:c142dd8e4c90e6ef,aflowlib.duke.edu:AFLOWDATA/ICSD_WEB/FCC/La2O7Zr2_ICSD_150206,"4,14,4",La4O14Zr4,5.78286,-8.96012,-8.96012,22,0
"a,x4","10.5329,0.415794",aflow:c3e7986ac115a134,aflowlib.duke.edu:AFLOWDATA/ICSD_WEB/FCC/Nd2O7Pt2_ICSD_402456,"4,14,4",Nd4O14Pt4,8.98834,-6.94354,-6.94354,22,0.545454
"a,x4","10.6152,0.841625",aflow:c4732fa16eb24522,aflowlib.duke.edu:AFLOWDATA/ICSD_WEB/FCC/O7Sn2Tb2_ICSD_82959,"14,4,4",O14Sn4Tb4,7.41013,-7.11239,-7.11239,22,0
"a,x4","13.2354,0.909079",aflow:c6ee533bcd8becd9,aflowlib.duke.edu:AFLOWDATA/LIB3_WEB/PPb_dSb/ICSD_24246.ABC,"14,4,4",P14Pb4Sb4,5.01186,-4.15918,-4.15918,22,0
"a,x4","10.8273,0.887034",aflow:c733c86b1419cb30,aflowlib.duke.edu:AFLOWDATA/ICSD_WEB/FCC/La2O7Zr2_ICSD_184101,"4,14,4",La4O14Zr4,5.98909,-8.53518,-8.53518,22,0
"a,x4","10.5041,0.432608",aflow:c797feae085b5786,aflowlib.duke.edu:AFLOWDATA/ICSD_WEB/FCC/Cd2Nb2O7_ICSD_168999,"4,4,14",Cd4Nb4O14,5.99033,-6.96758,-6.96758,22,0
"a,x4","10.9011,0.432436",aflow:c809fa92b0ea63ea,aflowlib.duke.edu:AFLOWDATA/ICSD_WEB/FCC/Cu2F6Hg2S1_ICSD_27327,"4,12,4,2",Cu4F12Hg4S2,6.91509,-3.17754,-3.17754,22,0.182047
"a,x4","10.6126,0.427623",aflow:c8ceda96a42c3e88,aflowlib.duke.edu:AFLOWDATA/ICSD_WEB/FCC/Eu2Mo2O7_ICSD_173946,"4,4,14",Eu4Mo4O14,6.75505,-8.76192,-8.76192,22,1.45455
"a,x4","10.6145,0.841631",aflow:cedf17a4e9dbe94a,aflowlib.duke.edu:AFLOWDATA/ICSD_WEB/FCC/O7Sn2Tb2_ICSD_159788,"14,4,4",O14Sn4Tb4,7.41157,-7.11239,-7.11239,22,0
"a,x4","10.5066,0.405442",aflow:d07be6ef67169729,aflowlib.duke.edu:AFLOWDATA/ICSD_WEB/FCC/O7Sn2Tm2_ICSD_82963,"14,4,4",O14Sn4Tm4,7.87165,-7.30322,-7.30322,22,0.36364
"a,x4","10.24,0.830869",aflow:d0f4b2501a789602,aflowlib.duke.edu:AFLOWDATA/ICSD_WEB/FCC/O7Ti2Y2_ICSD_160111,"14,4,4",O14Ti4Y4,4.77079,-8.5956,-8.5956,22,0
"a,x4","10.4283,0.831568",aflow:d1c53dfc3ace44df,aflowlib.duke.edu:AFLOWDATA/ICSD_WEB/FCC/Bi2Ir2O7_ICSD_161103,"4,4,14",Bi4Ir4O14,10.7112,-6.05226,-6.05226,22,0
"a,x4","10.9541,0.418577",aflow:d146f4324e1aee9e,aflowlib.duke.edu:AFLOWDATA/ICSD_WEB/FCC/La2O7Zr2_ICSD_15165,"4,14,4",La4O14Zr4,5.78358,-8.96014,-8.96014,22,0
"a,x4","10.2783,0.412604",aflow:d3ff64cbbc976ffe,aflowlib.duke.edu:AFLOWDATA/ICSD_WEB/FCC/O7Ru2Y2_ICSD_73799,"14,4,4",O14Ru4Y4,6.01864,-7.68351,-7.68351,22,0.36364
"a,x4","10.1445,0.831428",aflow:d308c5f751061c6e,aflowlib.duke.edu:AFLOWDATA/ICSD_WEB/FCC/Ni2O7Sb2_ICSD_247303,"4,14,4",Ni4O14Sb4,6.01717,-5.35532,-5.35532,22,0.363663
"a,x4","10.9546,0.831303",aflow:d7291827efdc2c9c,aflowlib.duke.edu:AFLOWDATA/ICSD_WEB/FCC/La2O7Zr2_ICSD_51573,"4,14,4",La4O14Zr4,5.78272,-8.96012,-8.96012,22,0
"a,x4","10.6064,0.408216",aflow:d7d99f26b0f9b5e4,aflowlib.duke.edu:AFLOWDATA/ICSD_WEB/FCC/O7Sn2Y2_ICSD_84803,"14,4,4",O14Sn4Y4,5.86952,-7.43094,-7.43094,22,0
"a,x4","10.8224,0.363123",aflow:d7aa254df71619ca,aflowlib.duke.edu:AFLOWDATA/ICSD_WEB/FCC/La2O7Zr2_ICSD_184093,"4,14,4",La4O14Zr4,5.99732,-8.53522,-8.53522,22,0
"a,x4","10.4531,0.43274",aflow:d9a6d06689742a20,aflowlib.duke.edu:AFLOWDATA/ICSD_WEB/FCC/Hg2O7Os2_ICSD_159805,"4,14,4",Hg4O14Os4,10.393,-5.47961,-5.47961,22,0.53022
"a,x4","10.0821,0.433128",aflow:d93ab2e8e19420a4,aflowlib.duke.edu:AFLOWDATA/ICSD_WEB/FCC/O7V2Yb2_ICSD_32689,"14,4,4",O14V4Yb4,7.25841,-7.15481,-7.15481,22,0
"a,x4","10.474,0.835775",aflow:da96040e29db5027,aflowlib.duke.edu:AFLOWDATA/ICSD_WEB/FCC/Gd2Mo2O7_ICSD_159774,"4,4,14",Gd4Mo4O14,7.14912,-9.802,-9.802,22,1.26314
"a,x4","10.4511,0.817522",aflow:dbab413fae29930e,aflowlib.duke.edu:AFLOWDATA/ICSD_WEB/FCC/Hg2O7Os2_ICSD_159809,"4,14,4",Hg4O14Os4,10.3989,-5.47955,-5.47955,22,0.530416
"a,x4","10.3838,0.426343",aflow:dbe2738efe3601bf,aflowlib.duke.edu:AFLOWDATA/ICSD_WEB/FCC/O7Ru2Tl2_ICSD_51158,"14,4,4",O14Ru4Tl4,8.57698,-5.57561,-5.57561,22,0.36374
"a,x4","10.8235,0.363195",aflow:dcda1dc86d527c02,aflowlib.duke.edu:AFLOWDATA/ICSD_WEB/FCC/La2O7Zr2_ICSD_184089,"4,14,4",La4O14Zr4,5.99549,-8.53523,-8.53523,22,0
"a,x4","10.6955,0.882008",aflow:dda3fbb14b38a63e,aflowlib.duke.edu:AFLOWDATA/ICSD_WEB/FCC/Nd2O7Zr2_ICSD_160164,"4,14,4",Nd4O14Zr4,6.32915,-8.93133,-8.93133,22,0.545099
"a,x4","10.615,0.841591",aflow:de4d43bb9330fef3,aflowlib.duke.edu:AFLOWDATA/ICSD_WEB/FCC/O7Sn2Tb2_ICSD_159791,"14,4,4",O14Sn4Tb4,7.41053,-7.11239,-7.11239,22,0
"a,x4","10.1243,0.419498",aflow:de4894bbdb4936cc,aflowlib.duke.edu:AFLOWDATA/ICSD_WEB/FCC/O7V2Y2_ICSD_160865,"14,4,4",O14V4Y4,5.014,-8.52016,-8.52016,22,0.18171
"a,x4","10.3841,0.423479",aflow:df93e7346ab277e8,aflowlib.duke.edu:AFLOWDATA/ICSD_WEB/FCC/Eu2O7Ti2_ICSD_92767,"4,14,4",Eu4O14Ti4,6.0711,-8.75678,-8.75678,22,1.09326
"a,x4","10.8214,0.83462",aflow:e09019824e8a6e38,aflowlib.duke.edu:AFLOWDATA/ICSD_WEB/FCC/Nd2O7Zr2_ICSD_261854,"4,14,4",Nd4O14Zr4,6.11081,-9.29556,-9.29556,22,0.545482
"a,x4","10.397,0.41248",aflow:e02b08383d20cea7,aflowlib.duke.edu:AFLOWDATA/ICSD_WEB/FCC/Mo2O7Y2_ICSD_202522,"4,14,4",Mo4O14Y4,5.69347,-8.47719,-8.47719,22,0.363624
"a,x3,x4","12.6213,0.784081,0.730398",aflow:e01d558b3e5926a9,aflowlib.duke.edu:AFLOWDATA/ICSD_WEB/FCC/C4K2N4Zn1_ICSD_14368,"8,4,8,2",C8K4N8Zn2,1.63629,-6.79254,-6.79254,22,0
"a,x4","10.8269,0.363031",aflow:e03d7a163ce68bfe,aflowlib.duke.edu:AFLOWDATA/ICSD_WEB/FCC/La2O7Zr2_ICSD_184095,"4,14,4",La4O14Zr4,5.98982,-8.5352,-8.5352,22,0
"a,x4","9.9139,0.42078",aflow:e18a572823737d87,aflowlib.duke.edu:AFLOWDATA/ICSD_WEB/FCC/Ge2O7Yb2_ICSD_65618,"4,14,4",Ge4O14Yb4,8.22453,-6.38627,-6.38627,22,0.181568
"a,x4","10.7595,0.414503",aflow:e33bad894597acfd,aflowlib.duke.edu:AFLOWDATA/ICSD_WEB/FCC/Eu2O7Zr2_ICSD_173950,"4,14,4",Eu4O14Zr4,6.38147,-9.48624,-9.48624,22,1.09091
"a,x4","10.8959,0.817522",aflow:e777416a43df0db1,aflowlib.duke.edu:AFLOWDATA/ICSD_WEB/FCC/Cu2F6Hg2S1_ICSD_156366,"4,12,4,2",Cu4F12Hg4S2,6.92488,-3.17766,-3.17766,22,0.182045
"a,x4","10.3103,0.834667",aflow:e7d3935cbc89f8e8,aflowlib.duke.edu:AFLOWDATA/ICSD_WEB/FCC/O7Pt2Tl2_ICSD_22215,"14,4,4",O14Pt4Tl4,11.0409,-4.97798,-4.97798,22,0
"a,x4","10.5124,0.418159",aflow:e8c446b0bfadce7a,aflowlib.duke.edu:AFLOWDATA/ICSD_WEB/FCC/Nd2O7Ru2_ICSD_82304,"4,14,4",Nd4O14Ru4,6.89095,-7.61771,-7.61771,22,0.909073
"a,x4","10.3146,0.829216",aflow:e80244ff495280ed,aflowlib.duke.edu:AFLOWDATA/ICSD_WEB/FCC/Gd2O7Ti2_ICSD_150210,"4,14,4",Gd4O14Ti4,6.32264,-9.91623,-9.91623,22,1.27275
"a,x4","10.2086,0.839527",aflow:e93e8b4777a3b2a0,aflowlib.duke.edu:AFLOWDATA/ICSD_WEB/FCC/Er2O7Ru2_ICSD_97533,"4,14,4",Er4O14Ru4,8.09935,-7.37072,-7.37072,22,0.363641
"a,x3,x4","13.0137,0.222945,0.275014",aflow:ebbc2803b09d67e6,aflowlib.duke.edu:AFLOWDATA/ICSD_WEB/FCC/C4Hg1K2N4_ICSD_23995,"8,2,4,8",C8Hg2K4N8,2.30769,-6.57642,-6.57642,22,0
"a,x4","10.8211,0.834604",aflow:ed2e50cbaff96773,aflowlib.duke.edu:AFLOWDATA/ICSD_WEB/FCC/Nd2O7Zr2_ICSD_153227,"4,14,4",Nd4O14Zr4,6.11126,-9.29555,-9.29555,22,0.5454
"a,x4","10.3437,0.822021",aflow:ef99b96419a9f2da,aflowlib.duke.edu:AFLOWDATA/ICSD_WEB/FCC/Cd2O7Os2_ICSD_155767,"4,14,4",Cd4O14Os4,8.6091,-5.83499,-5.83499,22,0.544935
"a,x4","10.3816,0.8267",aflow:ef4b6d3f5efb552a,aflowlib.duke.edu:AFLOWDATA/ICSD_WEB/FCC/Eu2O7Ti2_ICSD_188551,"4,14,4",Eu4O14Ti4,6.0754,-8.7568,-8.7568,22,1.09191
"a,x4","10.2931,0.412759",aflow:f011c8cd1c22ea67,aflowlib.duke.edu:AFLOWDATA/ICSD_WEB/FCC/O7Ru2Tb2_ICSD_82305,"14,4,4",O14Ru4Tb4,7.69849,-7.36279,-7.36279,22,0.363626
"a,x4","10.8862,0.83308",aflow:f1736e95989e5fe1,aflowlib.duke.edu:AFLOWDATA/ICSD_WEB/FCC/Ce2O7Zr2_ICSD_154755,"4,14,4",Ce4O14Zr4,5.91748,-9.00725,-9.00725,22,0.18181
"a,x4","10.5508,0.37383",aflow:f1287d45c31c185a,aflowlib.duke.edu:AFLOWDATA/ICSD_WEB/FCC/Gd2O7Zr2_ICSD_160158,"4,14,4",Gd4O14Zr4,6.88743,-10.3493,-10.3493,22,1.27275
"a,x4","10.4794,0.821185",aflow:f323238dce7c83d4,aflowlib.duke.edu:AFLOWDATA/ICSD_WEB/FCC/F6Hg2O1Zn2_ICSD_27330,"12,4,2,4",F12Hg4O2Zn4,7.64083,-3.51435,-3.51435,22,0
"a,x4","10.6767,0.838635",aflow:f3e28f6e1c8493ab,aflowlib.duke.edu:AFLOWDATA/ICSD_WEB/FCC/Gd2O7Zr2_ICSD_188035,"4,14,4",Gd4O14Zr4,6.64662,-10.6304,-10.6304,22,1.27276
"a,x4","10.3491,0.821327",aflow:f52bff077a988da9,aflowlib.duke.edu:AFLOWDATA/ICSD_WEB/FCC/Ca2O7Ru2_ICSD_156409,"4,14,4",Ca4O14Ru4,4.72556,-6.3851,-6.3851,22,0.545259
"a,x4","10.9673,0.406007",aflow:f5968902e36b5a35,aflowlib.duke.edu:AFLOWDATA/ICSD_WEB/FCC/Eu2O7Pb2_ICSD_173951,"4,14,4",Eu4O14Pb4,8.36148,-7.28203,-7.28203,22,1.0884
"a,x4","10.3891,0.833532",aflow:f66fc434b1966cc9,aflowlib.duke.edu:AFLOWDATA/ICSD_WEB/FCC/Bi2O7Rh2_ICSD_161099,"4,14,4",Bi4O14Rh4,8.71659,-5.69159,-5.69159,22,0
"a,x4","10.2396,0.830824",aflow:f64d5cf500077fc8,aflowlib.duke.edu:AFLOWDATA/ICSD_WEB/FCC/O7Ti2Y2_ICSD_153820,"14,4,4",O14Ti4Y4,4.7713,-8.59561,-8.59561,22,0
"a,x4","10.5271,0.417986",aflow:f6634255ee31913a,aflowlib.duke.edu:AFLOWDATA/ICSD_WEB/FCC/Bi2O7Pt2_ICSD_202346,"4,14,4",Bi4O14Pt4,10.4775,-5.46847,-5.46847,22,0
"a,x4","10.8235,0.363188",aflow:f88ef90cc372ccc8,aflowlib.duke.edu:AFLOWDATA/ICSD_WEB/FCC/La2O7Zr2_ICSD_173795,"4,14,4",La4O14Zr4,5.99538,-8.53523,-8.53523,22,0
"a,x4","10.453,0.817262",aflow:f8d2bb6c95a27044,aflowlib.duke.edu:AFLOWDATA/ICSD_WEB/FCC/Hg2O7Os2_ICSD_159803,"4,14,4",Hg4O14Os4,10.3931,-5.47961,-5.47961,22,0.530222
"a,x4","10.8265,0.363045",aflow:fb2cf5de7bfeafd4,aflowlib.duke.edu:AFLOWDATA/ICSD_WEB/FCC/La2O7Zr2_ICSD_184097,"4,14,4",La4O14Zr4,5.99039,-8.5352,-8.5352,22,0
"a,x4","10.4993,0.830175",aflow:fb5e653ad146f5aa,aflowlib.duke.edu:AFLOWDATA/ICSD_WEB/FCC/Bi2O7Ru2_ICSD_163387,"4,14,4",Bi4O14Ru4,8.40279,-6.13345,-6.13345,22,0.363623
"a,x4","11.0239,0.841285",aflow:fc92c7b33204e2af,aflowlib.duke.edu:AFLOWDATA/ICSD_WEB/FCC/O7Pr2Te2_ICSD_92444,"14,4,4",O14Pr4Te4,6.43549,-6.57051,-6.57051,22,0.363282
"a,x4","10.5101,0.817131",aflow:fc5c856b81862ae7,aflowlib.duke.edu:AFLOWDATA/ICSD_WEB/FCC/Cd2Nb2O7_ICSD_75603,"4,4,14",Cd4Nb4O14,5.98023,-6.96766,-6.96766,22,0
"a,x4","10.501,0.419939",aflow:fd36a4e03da909e7,aflowlib.duke.edu:AFLOWDATA/ICSD_WEB/FCC/Bi2O7Ru2_ICSD_78114,"4,14,4",Bi4O14Ru4,8.39871,-6.13347,-6.13347,22,0.363627
"a,x4","11.1896,0.424351",aflow:fdb582af48e4bdcf,aflowlib.duke.edu:AFLOWDATA/ICSD_WEB/FCC/F6Hg2Mn2S1_ICSD_27328,"12,4,4,2",F12Hg4Mn4S2,6.23057,-4.745,-4.745,22,0.908771
"a,x4","10.0938,0.826237",aflow:fd865c4494a956af,aflowlib.duke.edu:AFLOWDATA/ICSD_WEB/FCC/Mn2O7Tl2_ICSD_83269,"4,14,4",Mn4O14Tl4,8.14596,-5.97739,-5.97739,22,0.545597
"a,x4","10.1688,0.832988",aflow:fe2822c889b909a2,aflowlib.duke.edu:AFLOWDATA/ICSD_WEB/FCC/Er2O7Ti2_ICSD_164022,"4,14,4",Er4O14Ti4,6.85146,-8.27533,-8.27533,22,0
"a,x4","10.3427,0.822017",aflow:fe6cc4a8c4c4aa80,aflowlib.duke.edu:AFLOWDATA/ICSD_WEB/FCC/Cd2O7Os2_ICSD_155768,"4,14,4",Cd4O14Os4,8.61171,-5.83499,-5.83499,22,0.544938
"a,x4","10.2867,0.410086",aflow:ff2f0f54ae83f57a,aflowlib.duke.edu:AFLOWDATA/ICSD_WEB/FCC/Er2O7Tc2_ICSD_109081,"4,14,4",Er4O14Tc4,7.86351,-7.88249,-7.88249,22,0.545477
"a,x4","10.2521,0.419675",aflow:fff14b2a55a9b707,aflowlib.duke.edu:AFLOWDATA/ICSD_WEB/FCC/O7Ru2Yb2_ICSD_82306,"14,4,4",O14Ru4Yb4,8.13925,-6.32119,-6.32119,22,0.357385
